﻿<?xml version="1.0" encoding="utf-8"?>
<publishData>
  <publishProfile publishUrl="d:\ReverseShortURL" deleteExistingFiles="True" ftpAnonymousLogin="False" ftpPassiveMode="True" msdeploySite="" msdeploySiteID="" msdeployRemoteSitePhysicalPath="" msdeployAllowUntrustedCertificate="False" msdeploySkipExtraFilesOnServer="True" msdeployMarkAsApp="False" profileName="Profile1" publishMethod="FileSystem" replaceMatchingFiles="False" userName="" savePWD="False" userPWD="" SelectedForPublish="True">
    <file relUrl="Web.config" publishTime="01/26/2011 22:29:48" />
    <file relUrl="Scripts/jquery-1.4.1.min.js" publishTime="12/29/2010 00:26:22" />
    <file relUrl="bin/ReverseShortURL.dll" publishTime="01/26/2011 22:29:48" />
    <file relUrl="style/style.css" publishTime="12/29/2010 16:52:20" />
    <file relUrl="style.css" publishTime="12/29/2010 17:08:24" />
    <file relUrl="Images/loader.gif" publishTime="01/04/2011 19:59:06" />
    <file relUrl="bin/ReverseShortURL.pdb" publishTime="01/26/2011 22:29:48" />
    <file relUrl="Default.aspx" publishTime="01/04/2011 19:47:16" />
    <file relUrl="Scripts/jquery-1.4.1-vsdoc.js" publishTime="12/29/2010 00:26:22" />
    <file relUrl="Scripts/jquery-1.4.1.js" publishTime="12/29/2010 00:26:22" />
  </publishProfile>
</publishData>